High_performer,Revenue,ROI,Vote_average,Budget
0,2986160.287260616,6710.50186064139,5.823064113238967,8445721.196502915
1,161568134.29154518,13.767738856493972,6.361391087047064,49652938.02873803
